,financial_data_id,company_id,returns,volatility,open,close,high,low,volume,year,month,day,outlier
246143,270192,49,-0.01862983347263114,0.00831814048808743,6.734751418816187,6.753381252288818,6.77201108576145,6.678861165647334,4451950,2000,5,17,-1
246150,270199,49,-0.08383535044977108,0.01411075356810214,6.268998874251157,6.352834224700928,6.418038995439175,6.268998874251157,4454730,2000,5,26,-1
246155,270204,49,0.14904019370135213,0.013402204112893355,6.753382177496518,6.604341983795166,6.753382177496518,6.604341983795166,4387868,2000,6,5,-1
246169,270218,49,0.027945868514172467,0.010793449779663263,7.265704504988782,7.237758636474609,7.321593983765126,7.191183694452323,3666818,2000,6,23,-1
246175,270224,49,-0.36328585138055747,0.03394836757122218,6.576395201781064,6.939681053161621,6.948995592459281,6.567080662483404,4297572,2000,7,3,-1
246179,270228,49,0.07507193007761703,0.01830108640224923,6.803392051842754,6.728320121765137,6.878463981920371,6.672015984625598,4434208,2000,7,10,-1
246181,270230,49,-0.06568761770410081,0.010037504039074888,6.681396523073487,6.747084140777588,6.794004734366094,6.681396523073487,3398443,2000,7,12,-1
246205,270254,49,0.05630410871198599,0.009751034642742447,6.362341534706859,6.306037425994873,6.409261372525208,6.306037425994873,4313724,2000,8,15,-1
246276,270325,49,0.20779828531861,0.018319168438035847,8.7841904590857,8.57639217376709,8.803081004127796,8.538611083682898,3359782,2000,11,24,-1
246413,270462,49,0.0015331920512702268,0.004717034419744311,6.445342701328614,6.443809509277344,6.4668066157069815,6.416212826693894,4455790,2001,6,13,-1
246427,270476,49,-0.01073195117605863,0.007854474885246819,6.216900571406949,6.227632522583008,6.253695998511788,6.172439188341003,4038332,2001,7,3,-1
246466,270515,49,0.04328342850729694,0.007964182747124177,6.438387836771457,6.39510440826416,6.453846231979304,6.368825253522832,4179471,2001,8,28,-1
246523,270572,49,0.03426216186378017,0.013385657297236333,6.146967392576671,6.112705230712891,6.146967392576671,6.011475776456636,2373667,2001,11,23,-1
246544,270593,49,-0.015573461514073017,0.007384034612699008,6.073771516818447,6.08934497833252,6.117377838320401,6.042623807212113,3786110,2001,12,24,-1
246779,270828,49,-0.08158666197058295,0.018460701813980997,4.568828758561644,4.650415420532227,4.689576771039554,4.54761651489427,4411965,2002,11,29,-1
246796,270845,49,0.03426602219796937,0.007757645327943412,4.570459869854219,4.53619384765625,4.576986966690515,4.518244743420631,2964966,2002,12,24,-1
247048,271097,49,0.03162716805366106,0.00618644977758533,4.445425500268017,4.413798332214356,4.457725028464764,4.412041193368831,3258099,2003,12,24,-1
247049,271098,49,-0.019327641887363356,0.0033404178226796814,4.4102845178416406,4.429612159729004,4.434883576819363,4.4102845178416406,2315676,2003,12,26,-1
247247,271296,49,-0.0018743294962817458,0.004242705048256694,5.0342951994649,5.036169528961182,5.058661009601029,5.023049695802741,4358608,2004,10,11,-1
247599,271648,49,0.06552875054940444,0.020285206755593907,5.598574519287197,5.533045768737793,5.6722935233243055,5.483899593670804,82914044,2006,3,6,-1
247743,271792,49,0.04230093901794785,0.007789974086209484,6.888758420402225,6.846457481384277,6.892988674540919,6.804156008243331,72035530,2006,9,28,-1
247751,271800,49,-0.11148560319339396,0.011084199361761322,6.9142416688402975,7.025727272033691,7.034303337549311,6.905666144742956,39167627,2006,10,10,-1
247760,271809,49,-0.04502270404427833,0.014299747662342495,7.39662816341788,7.441650867462158,7.471666544909766,7.2958626771630035,39850282,2006,10,23,-1
247769,271818,49,0.06860635079205668,0.011378679407204197,7.298008416069156,7.2294020652771,7.310871971488113,7.173658728485783,39684384,2006,11,3,-1
247784,271833,49,-0.036447175311197455,0.011892683294133186,6.969980589581381,7.006427764892578,7.107193230085663,6.967836574396254,40403449,2006,11,27,-1
247801,271850,49,0.03859121435524404,0.00887457881651237,7.531700440582051,7.493109226226807,7.600306261831591,7.488821193205488,39492537,2006,12,20,-1
247813,271862,49,0.03695872632165287,0.05494469436350366,7.435220273410276,7.398261547088623,7.609143368443346,6.943886843670601,39672733,2007,1,10,-1
247946,271995,49,-0.12242686690913196,0.012526295248400281,8.788037419895067,8.9104642868042,8.950531424956248,8.765777836241163,40111904,2007,7,23,-1
248012,272061,49,0.0787902013312749,0.022786663975891814,9.432297243262427,9.353507041931152,9.432297243262427,9.081118726129292,39906022,2007,10,24,-1
248023,272072,49,-0.1463249907126194,0.015823327487744395,8.709684492624783,8.856009483337402,8.916790012361231,8.684922265425673,39192651,2007,11,8,-1
248024,272073,49,-0.1035524127646319,0.017869259971900565,8.720935273392595,8.824487686157227,8.984319300909588,8.720935273392595,39286125,2007,11,9,-1
248045,272094,49,0.04052071580913008,0.02455299460510556,8.92354016313579,8.88301944732666,9.159910247371188,8.792973728022147,75380484,2007,12,11,-1
248046,272095,49,-0.14407374960724972,0.017997864289743686,9.2454554786032,9.38952922821045,9.454812175221685,9.175670102559875,82410394,2007,12,12,-1
248063,272112,49,0.48114178555893616,0.07170534872585928,9.410773972448585,8.929632186889648,9.5430310407602,8.469012523654579,96360720,2008,1,8,-1
248064,272113,49,0.04560555269435085,0.020703008839097124,8.938753974935562,8.893148422241211,8.950155794996274,8.646876594973323,74335053,2008,1,9,-1
248066,272115,49,0.1733018828955153,0.018576358486103978,8.88402575984864,8.710723876953125,8.90910918472668,8.637753966021505,39484328,2008,1,11,-1
248070,272119,49,0.15962083591833043,0.01864702799935636,8.66511686100378,8.50549602508545,8.726684947073654,8.459890483286898,39989964,2008,1,17,-1
248073,272122,49,-0.3078392074820595,0.06323941976800904,8.058556742835323,8.366395950317383,8.441646199794327,7.597937249308464,76524022,2008,1,23,-1
248091,272140,49,0.535869333869643,0.04127744119727072,8.719844553596205,8.183975219726562,8.719844553596205,8.140649462083216,72829930,2008,2,19,-1
248092,272141,49,0.07980982537136594,0.03693392718422996,7.914898078392606,7.83508825302124,7.990148329484304,7.513566860998986,172969346,2008,2,20,-1
248229,272278,49,0.15743312651068653,0.020232923557553843,7.577963445724554,7.420530319213867,7.660205047474481,7.40643135201728,39631424,2008,9,4,-1
248231,272280,49,-0.09868985357206483,0.02094321292894496,7.549770534611529,7.648460388183594,7.679006979183701,7.415834431918978,39227604,2008,9,8,-1
248233,272282,49,0.22087671063695513,0.018774889752282496,7.6343579461411055,7.41348123550415,7.6343579461411055,7.399382860937961,40125541,2008,9,10,-1
248238,272287,49,0.14333538629156628,0.028845749763441203,6.910635038391176,6.767299652099609,6.9646793142945045,6.638063236958423,71190421,2008,9,17,-1
248239,272288,49,-0.0469947852291579,0.045596873334849866,6.786096950610686,6.833091735839844,6.974077278309272,6.464180565252985,73322458,2008,9,18,-1
248251,272300,49,0.14568515109599378,0.04063315832474656,6.457128956790574,6.31144380569458,6.537020718135025,6.109365168226954,70641490,2008,10,6,-1
248253,272302,49,0.06957474957248255,0.052318302848528085,6.002595341308322,5.93302059173584,6.268897168033042,5.745889676608722,86984946,2008,10,8,-1
248254,272303,49,0.43663967275986604,0.06800364012020602,5.954613572601175,5.517973899841309,6.050578235978621,5.402816303788373,79260730,2008,10,9,-1
248255,272304,49,-0.06717553407433297,0.10323687152486234,5.311646792585823,5.378822326660156,5.954610628055017,5.014156180296085,106080204,2008,10,10,-1
248264,272313,49,-0.3358766212450579,0.04719824334434405,5.724298320771544,6.060174942016602,6.189727084760327,5.721899128480058,72686144,2008,10,23,-1
248284,272333,49,0.09596463812212708,0.05983379399450749,5.976204124816463,5.880239486694336,6.400847724238933,5.793871009456179,75617877,2008,11,20,-1
248285,272334,49,-0.0335874830860563,0.0501272961737135,6.009794207892948,6.043381690979004,6.081767559036408,5.59474602500515,76601212,2008,11,21,-1
248286,272335,49,-0.28069696576207637,0.04492271510877352,6.182528398922982,6.463225364685059,6.65755445272871,6.177730621057231,72801596,2008,11,24,-1
248302,272351,49,-0.02639050336038551,0.02477773302348525,6.719930697964077,6.746321201324463,6.885470081654353,6.607172320994572,40246687,2008,12,17,-1
248325,272374,49,-0.08071924371527484,0.0219612552104704,6.15912364797784,6.239842891693115,6.335238193073387,6.107756519592561,39944286,2009,1,22,-1
248329,272378,49,-0.1614384228491259,0.03781905042583502,6.176243347475581,6.337681770324707,6.452645308503646,6.05883369771348,74461098,2009,1,28,-1
248335,272384,49,-0.14187019510750432,0.026000299894697775,6.009914701743082,6.151784896850586,6.2349502475382765,5.97077813879654,39370861,2009,2,5,-1
248348,272397,49,-0.06115095272815019,0.02465103636145529,5.738403872100951,5.799554824829102,5.899842955591969,5.662576863675476,81088115,2009,2,25,-1
248371,272420,49,0.08071923910652501,0.019240493720243494,6.234950310578693,6.154231071472168,6.2838707059039205,6.085741776770661,39880601,2009,3,30,-1
248398,272447,49,0.1872768052535143,0.025302755250850774,6.542180026383885,6.354903221130371,6.597114143946885,6.324939386306414,70440640,2009,5,7,-1
248419,272468,49,-0.04494636774846139,0.01334632397000648,6.04776841878108,6.092714786529541,6.135164063783265,6.000325591116288,39224559,2009,6,8,-1
248420,272469,49,0.05743182087150078,0.011345613709614647,6.102703217508464,6.045271396636963,6.137661223673226,6.022798843087055,40186842,2009,6,9,-1
248446,272495,49,0.048526165747222905,0.008321996837259182,6.104056713842926,6.055530548095703,6.124488681794045,6.040206733374575,40098532,2009,7,16,-1
248451,272500,49,-0.11492958313823642,0.022158187004923897,6.392659280234566,6.507588863372803,6.6276265999755495,6.387551126770057,72863295,2009,7,23,-1
248494,272543,49,-0.025540125299372995,0.019395935833731254,6.90345929868134,6.928999423980713,7.072023222700679,6.847271538997876,70518623,2009,9,23,-1
248573,272622,49,0.12227193253402913,0.01434385154416244,6.9774531497276335,6.855181217193604,6.982769466631751,6.817968341369049,84760229,2010,1,15,-1
248578,272627,49,0.03987103591359098,0.013601733778294073,6.839233218530779,6.799362182617188,6.88442057156676,6.730252073782619,39589586,2010,1,25,-1
248580,272629,49,-0.10898115358125704,0.023922447856464194,6.701013543989544,6.809994697570801,6.94289928014184,6.67177513995091,78105143,2010,1,27,-1
248581,272630,49,0.04252919820933787,0.020082868174135543,6.83125934271007,6.788730144500732,6.950873132206469,6.722278188392115,68925984,2010,1,28,-1
248623,272672,49,0.07442644769235862,0.011281714331261575,6.97213915521189,6.897712707519531,6.99872007733433,6.86847429731197,69180324,2010,3,30,-1
248649,272698,49,0.15478181473096608,0.04103457194596635,6.981477733767831,6.826695919036865,6.989624397712769,6.527994508168185,89717682,2010,5,6,-1
248656,272705,49,-0.0868949930939289,0.014081814037839296,6.910874362679997,6.997769355773926,7.0303553210571605,6.867426866133033,39622024,2010,5,17,-1
248660,272709,49,-0.1330580185589305,0.0124435264980379,6.614887290126372,6.747945308685303,6.753376416156089,6.614887290126372,71851097,2010,5,21,-1
248661,272710,49,0.07603274972194285,0.011019808052538667,6.709927193233906,6.633894443511963,6.72078940647749,6.598592936216102,39734564,2010,5,24,-1
248662,272711,49,-0.06245569944522966,0.015211167276391843,6.541571571825522,6.604027271270752,6.62303546799355,6.457392121019077,69160861,2010,5,25,-1
248665,272714,49,0.08146388358004941,0.01078149801381011,6.680059025944551,6.598595142364502,6.7153605450429845,6.5958795881456975,40159700,2010,5,28,-1
248666,272715,49,-0.01629263511024437,0.016696922869919893,6.590447362753525,6.6067399978637695,6.734366896761366,6.5497154321050015,39376952,2010,6,1,-1
248686,272735,49,0.10861942574352401,0.015390428085939429,6.750662062614862,6.642042636871338,6.761523593741606,6.59044916396378,69971944,2010,6,29,-1
248721,272770,49,-0.0917002224309913,0.01195850188128447,7.488794658245277,7.580494880676269,7.611060919754677,7.461006775847879,39374568,2010,8,18,-1
248744,272793,49,-0.008335876231862827,0.01197171011789585,7.941737842792795,7.950073719024658,8.02510081550434,7.866710746313114,40306929,2010,9,21,-1
248822,272871,49,0.060632614130229356,0.011165579274835741,8.118943122858257,8.058310508728027,8.150703098313398,8.000565960503302,75910746,2011,1,11,-1
248828,272877,49,0.07506856317811561,0.007631679054635614,8.22577103967958,8.150702476501465,8.231545712799141,8.127604513148613,39320814,2011,1,20,-1
248833,272882,49,-0.0144359556290663,0.00942750024484236,8.107394984617516,8.121830940246582,8.156478254532027,8.029439074319384,77328617,2011,1,27,-1
248860,272909,49,-0.08950455086905151,0.010592185574939118,8.1247202644996,8.214224815368652,8.2575334219746,8.113170913870992,39843662,2011,3,8,-1
248869,272918,49,0.1472490645355009,0.021214555845860534,8.306613764852884,8.159364700317383,8.401892957324602,8.110280706638331,82085087,2011,3,21,-1
248876,272925,49,-0.17323514867762313,0.01751149852216869,8.693507939090932,8.866743087768555,8.941811676499713,8.684845926463076,69942021,2011,3,30,-1
248877,272926,49,0.0057746745642788255,0.0066555758926545834,8.843644318729318,8.837869644165039,8.907163551559652,8.808997000469223,154437848,2011,3,31,-1
248878,272927,49,0.07218124784909108,0.011170813881130486,8.912938617844208,8.840757369995117,8.93026191317282,8.765688784736989,161523234,2011,4,1,-1
248882,272931,49,-0.01765061725372341,0.01150388645589704,8.966617571222839,8.984268188476562,8.993093868554606,8.822468511126605,39700272,2011,4,7,-1
248965,273014,49,0.035949038767359554,0.02235778764157227,8.702580737375758,8.666631698608398,8.771482242117335,8.450939735562017,71205382,2011,8,5,-1
248966,273015,49,0.18273951911413278,0.02893802444524535,8.480898164744016,8.298158645629883,8.660641110703555,8.253222909139998,95320321,2011,8,8,-1
248967,273016,49,-0.25164094447685414,0.03354530182706111,8.391023011211622,8.642663955688477,8.65764303364489,8.1873143596762,101431640,2011,8,9,-1
248968,273017,49,0.30855922374708733,0.02604638958816405,8.660639568900896,8.352080345153809,8.68161028161428,8.31313624886739,82072642,2011,8,10,-1
248969,273018,49,-0.12582125965616875,0.018499870185148485,8.39402088817098,8.519842147827148,8.59173871359763,8.33111101486217,69705025,2011,8,11,-1
248977,273026,49,-0.1617688239337678,0.0119299866064488,8.519844144511056,8.681612968444824,8.681612968444824,8.510856693423838,39287449,2011,8,23,-1
248983,273032,49,0.4134097659035678,0.039429278333446005,8.945233877842044,8.531824111938477,8.957217142384954,8.388028720019681,149624710,2011,8,31,-1
248998,273047,49,0.05092659742534522,0.013194944502583978,8.364061744520072,8.313135147094727,8.40899822357392,8.226258761211007,166822279,2011,9,22,-1
248999,273048,49,-0.02396577235797359,0.0095294423426104,8.319127146038023,8.343092918395996,8.373050322973269,8.241238953264022,137437952,2011,9,23,-1
249000,273049,49,-0.08388057457354314,0.008941580951316903,8.40600284827802,8.489883422851562,8.51384919322698,8.38802795310709,93473208,2011,9,26,-1
249019,273068,49,0.0366868253570356,0.00802817209594678,8.942329334817485,8.90564250946045,8.97901538812912,8.859784556798205,40020416,2011,10,21,-1
249042,273091,49,0.131460012375058,0.010599046346009095,8.554062665878476,8.422602653503418,8.563233791921661,8.41343075541494,40018430,2011,11,23,-1
249062,273111,49,-0.06725904311724307,0.010564962952271505,9.00041464004926,9.067673683166504,9.116588929772512,8.957613992280331,40174132,2011,12,22,-1
249084,273133,49,0.14026245280628125,0.012141151284193585,9.319638101304816,9.179375648498535,9.344573561011597,9.157557219646224,74148237,2012,1,26,-1
249123,273172,49,0.028052493263711398,0.0056817765405308175,9.911856814552774,9.883804321289062,9.93055821435222,9.837050428225904,106260930,2012,3,22,-1
249124,273173,49,0.043637656604580854,0.006472042669116631,9.868221663867764,9.824584007263184,9.886923066910176,9.78094713778782,102966288,2012,3,23,-1
249125,273174,49,-0.05610498800095698,0.00454541877377426,9.85263505563918,9.908740043640137,9.921207381457515,9.84640099316594,100051635,2012,3,26,-1
249145,273194,49,-0.15877754856630055,0.015050515336540863,9.914017365679303,10.072794914245604,10.136305131745065,9.885438289057136,68722220,2012,4,24,-1
249159,273208,49,-0.03493113241902357,0.009196544986041342,10.612632801907148,10.647563934326172,10.65709002358455,10.495138486923477,39728474,2012,5,14,-1
249170,273219,49,-0.03810596352230711,0.007262439802301696,10.707900048440584,10.74600601196289,10.83174563277846,10.701548787211228,39932899,2012,5,30,-1
249187,273236,49,0.012702524712455698,0.005807524663939233,11.181056559136284,11.168354034423828,11.21916252941952,11.11119427707191,115368594,2012,6,22,-1
249188,273237,49,0.0031756298332137334,0.004816918249250337,11.10166348383712,11.098487854003906,11.130243350409318,11.041328120859507,116229988,2012,6,25,-1
249192,273241,49,0.01270172107815526,0.004894280212792986,11.336655349618196,11.32395362854004,11.34618224187203,11.254092157792789,40327451,2012,6,29,-1
249205,273254,49,0.11944037223581105,0.011323710773833965,11.572766597516573,11.453326225280762,11.579223010113884,11.36293970973285,40182738,2012,7,19,-1
249255,273304,49,0.06779068974119973,0.005880868536648699,12.237754526411122,12.169963836669922,12.257122945535697,12.137683409863458,79320708,2012,9,28,-1
249256,273305,49,-0.03873764710081318,0.005880868536648566,12.147365220025652,12.186102867126465,12.257120935740735,12.137681419652946,70860612,2012,10,1,-1
249312,273361,49,0.08850391966227278,0.011006727882989304,11.125243269027507,11.036739349365234,11.190801084206509,10.9875707810356,73284062,2012,12,21,-1
249331,273380,49,-0.0400088927940061,0.010563137446501808,11.165709147672302,11.205718040466309,11.282400839536148,11.085692204039988,39368610,2013,1,22,-1
249371,273420,49,0.04334220069199013,0.005132314727820121,12.109244910652928,12.065902709960938,12.145919663361704,12.042564537130188,39565886,2013,3,20,-1
249381,273430,49,-0.18670631735266063,0.010211690531445999,12.452657925201052,12.639364242553713,12.656034133726616,12.442655485323575,96455386,2013,4,4,-1
249382,273431,49,-0.12335919308416621,0.007304624275192899,12.552676687958314,12.67603588104248,12.686038319112576,12.532672653774192,101271966,2013,4,5,-1
249395,273444,49,0.01693612789703991,0.010241268331598653,12.562836472745673,12.545900344848633,12.620417596875614,12.407028372892889,80932016,2013,4,24,-1
249422,273471,49,-0.027096951175858308,0.010842950604339404,11.851541316341232,11.87863826751709,11.92605857359488,11.71266933464496,39401446,2013,6,3,-1
249436,273485,49,0.027096950165525158,0.010994146203042916,11.702507220856443,11.675410270690918,11.76347557256888,11.550087196935372,129015988,2013,6,21,-1
249437,273486,49,-0.050806665356446956,0.012537527059159162,11.621214246813963,11.67202091217041,11.804119268529016,11.560246761602144,94294618,2013,6,24,-1
249438,273487,49,-0.11516225779882916,0.011538065899200409,11.749928112379395,11.865090370178224,11.926058724937608,11.699120579839866,88913882,2013,6,25,-1
249480,273529,49,-0.16533091068193073,0.010233077069502973,11.645508742333206,11.810839653015137,11.82461679399334,11.624841726130027,39360799,2013,8,23,-1
249509,273558,49,-0.024110643071047377,0.0033864780705497406,11.60072818596948,11.624838829040527,11.638616836408952,11.573173041056323,92311796,2013,10,4,-1
249510,273559,49,-0.11022060825957425,0.008863226299422414,11.600731196855172,11.710951805114746,11.755729470860151,11.583509552998583,83900556,2013,10,7,-1
249534,273583,49,-0.05959918855265123,0.010507736939796506,12.270411225570884,12.330010414123535,12.330010414123535,12.11615434602201,39438385,2013,11,8,-1
249588,273637,49,-0.3246887863906629,0.028219458576478326,11.560347682115196,11.88503646850586,11.97066858679177,11.421195602530563,110077095,2014,1,29,-1
249591,273640,49,0.48881654697287047,0.026155486731915815,11.888598727759003,11.399782180786133,11.888598727759003,11.381942502823954,90045902,2014,2,3,-1
249593,273642,49,0.11417612201843497,0.007266055239542846,11.560344067880251,11.446167945861816,11.571048417209296,11.431896381129263,39446594,2014,2,5,-1
249608,273657,49,-0.08563208633403718,0.009180442605789452,11.414055108490183,11.49968719482422,11.524663107375048,11.349831719519248,72718052,2014,2,27,-1
249623,273672,49,-0.36393714976581215,0.020214377408964986,11.799403418776668,12.16334056854248,12.181180253887195,11.777995616155064,82903452,2014,3,20,-1
249625,273674,49,-0.017839681698351484,0.009227549429168251,12.27751420776698,12.295353889465332,12.402394682774045,12.21328991198966,71237555,2014,3,24,-1
249646,273695,49,0.03267284689338901,0.015313840016941256,12.709706271270829,12.67703342437744,12.833136822474236,12.510038771725426,78961639,2014,4,23,-1
249664,273713,49,-0.14158172509261213,0.01623236525858647,13.065476227788247,13.20705795288086,13.341379758389124,12.98560977818231,102751933,2014,5,19,-1
249713,273762,49,0.31019078465488725,0.01657051109940403,13.821947681627544,13.511756896972656,13.84041104135271,13.463750669623202,122407772,2014,7,29,-1
249774,273823,49,0.14278631951862408,0.011734249903666909,12.790598209167062,12.647811889648438,12.81690070252638,12.568904409570482,73984061,2014,10,23,-1
249775,273824,49,-0.09393801509772892,0.011072234405939485,12.63278184116448,12.726719856262209,12.753022348665954,12.520055653708653,39501672,2014,10,24,-1
249806,273855,49,0.1578149941456939,0.016995574959455164,12.516301169682803,12.35848617553711,12.523816440517695,12.174366784571466,78454282,2014,12,9,-1
249809,273858,49,0.13527108137000177,0.007792380768497892,12.21945763532508,12.084186553955078,12.242002499254133,12.084186553955078,39813210,2014,12,12,-1
249810,273859,49,0.026302496290357524,0.006889189296907957,12.144305387830885,12.118002891540527,12.189396059255596,12.050367358852329,39714307,2014,12,15,-1
249823,273872,49,0.12024146827312876,0.007124171023116791,12.72672111304852,12.60647964477539,12.7455083383643,12.595207689144996,40288128,2015,1,5,-1
249841,273890,49,-0.05742617324007604,0.012892341246229497,12.545744221657383,12.60317039489746,12.798420157356237,12.526602486178408,74515912,2015,1,30,-1
249844,273893,49,-0.030627366643381393,0.00905474564950771,13.142982366938163,13.173609733581545,13.30377628351676,13.10469791693308,39537685,2015,2,4,-1
249894,273943,49,0.05462367147609726,0.0060914976360268575,12.738862105313988,12.68423843383789,12.758369926009804,12.629615747655023,39344249,2015,4,17,-1
249897,273946,49,-0.031213108636503506,0.006240611411219059,12.789584811590547,12.82079792022705,12.832503205450752,12.699847247422277,39422762,2015,4,22,-1
249898,273947,49,-0.304327482999204,0.018976933798058194,13.05099154013312,13.355319023132324,13.42164698473604,13.004171396821569,120977720,2015,4,23,-1
249903,273952,49,0.02341056457869861,0.0060532341204259125,13.538697010196374,13.515286445617676,13.61672926957934,13.480171584042749,39313797,2015,4,30,-1
249915,273964,49,-0.2301970417756305,0.013176821633103563,13.37483111069019,13.60502815246582,13.663552607005158,13.36702758734005,78926156,2015,5,18,-1
249923,273972,49,0.08193499902504797,0.004848864982495744,13.558203767335597,13.476268768310549,13.585515105246262,13.476268768310549,39567872,2015,5,29,-1
249927,273976,49,-0.13655771196283695,0.01196714865570137,13.6245354276856,13.761093139648438,13.843027175650152,13.569912737017788,74433956,2015,6,4,-1
249932,273981,49,-0.023410566287580536,0.0034436123233618806,13.585517160458023,13.608927726745604,13.647944351931711,13.569911101559498,40303619,2015,6,11,-1
249935,273984,49,-0.14436121848136452,0.008528613737371259,13.382631579370198,13.526992797851562,13.558205901132236,13.367025520376462,39362255,2015,6,16,-1
249940,273989,49,-0.13265592770978074,0.012386592957745331,13.87813966555194,14.01079559326172,14.143451520971496,13.854730085748198,92641472,2015,6,23,-1
249943,273992,49,0.10144184721459837,0.008139382578357352,14.194173323044676,14.092731475830078,14.201976845228325,14.010796463488193,39727812,2015,6,26,-1
249960,274009,49,-0.00794168115467997,0.005797475984646935,13.59971384405284,13.60765552520752,13.63942124708871,13.508387518986604,68577639,2015,7,22,-1
249962,274011,49,0.1469161035596791,0.013850381858124056,13.762514782148546,13.615598678588867,13.933255931748413,13.615598678588867,115520192,2015,7,24,-1
249964,274013,49,0.09529715686081275,0.0062850157823881635,13.72677546649216,13.631478309631348,13.730746306703535,13.587800070043608,70106727,2015,7,28,-1
249967,274016,49,0.07941480654723598,0.004652208810649979,13.873693905057978,13.794279098510742,13.893547105326023,13.786337417308513,39562312,2015,7,31,-1
249968,274017,49,0.11515136741469156,0.008984409663481317,13.877664528120258,13.762513160705566,13.905459409154837,13.698981717558674,39293142,2015,8,3,-1
249975,274024,49,-0.06353144398167032,0.01102955104465885,13.44485612163112,13.508387565612791,13.528240765830494,13.282056671085895,82054238,2015,8,12,-1
249983,274032,49,-0.07544398319044099,0.03246045865431132,12.777777910120108,12.853221893310549,12.980284810639024,12.297321128629587,102254241,2015,8,24,-1
250088,274137,49,0.07831915771037146,0.011292935404871253,14.50547560607463,14.427156448364258,14.604404575363027,14.332349649581897,40070066,2016,1,25,-1
250194,274243,49,-0.029329781388199194,0.013373491076298916,17.367516989852035,17.396846771240234,17.694335763161792,17.304667307147163,75662893,2016,6,24,-1
250277,274326,49,0.39322519790579236,0.027162124089193673,16.593239312285675,16.200014114379883,16.709910812649195,15.970992401581231,109580860,2016,10,21,-1
250278,274327,49,-0.15123966221085894,0.016803451785995422,15.77654525752791,15.92778491973877,16.130880051109845,15.685800368966774,133176129,2016,10,24,-1
250440,274489,49,0.004457705307693516,0.005258621576436401,17.37114738731453,17.366689682006836,17.38452050323761,17.23296302550866,39368743,2017,6,16,-1
250458,274507,49,0.14964548331914784,0.006765561854461443,16.569964086834773,16.420318603515625,16.59717339759554,16.411248833262036,40024652,2017,7,13,-1
250467,274516,49,-0.8207889400592698,0.030390125570441785,16.42485086096612,17.24563980102539,17.277383994047725,16.42485086096612,95899703,2017,7,26,-1
250468,274517,49,-0.5487039779432692,0.02009786260861638,17.32273500215927,17.87143898010254,17.912251805176204,17.32273500215927,82070788,2017,7,27,-1
250522,274571,49,0.7515033138477278,0.027839045355879038,17.284584368535228,16.5330810546875,17.303025574788187,16.51924927677948,108536754,2017,10,12,-1
250523,274572,49,0.06454710900534621,0.013310803597514999,16.52385382592429,16.459306716918945,16.61606331633727,16.251837109925702,74257070,2017,10,13,-1
250530,274579,49,0.20746962166761307,0.009414747265693198,16.279500642785777,16.072031021118164,16.302553599164884,16.048978064739057,69160199,2017,10,24,-1
250531,274580,49,0.35500497398374264,0.018103407529388982,15.795400329208352,15.44039535522461,15.836894477559204,15.366628239109868,127603413,2017,10,25,-1
250533,274582,49,-0.13370366224786778,0.008533863871466906,15.527998493819029,15.661702156066896,15.684753949555452,15.463452540618428,69268105,2017,10,27,-1
250537,274586,49,0.1844178346221046,0.02657705237943762,15.477282634121616,15.292864799499512,15.869171260375309,15.182214098726249,96609897,2017,11,2,-1
250540,274589,49,-0.11064951111027987,0.007480881175952654,15.136107042539622,15.246756553649902,15.269809505373289,15.08078112269399,39800764,2017,11,7,-1
250541,274590,49,-0.27201673702835905,0.013048298848801924,15.145330217317344,15.417346954345703,15.445009337891936,15.113057242464953,115981341,2017,11,8,-1
250542,274591,49,-0.2627955455286273,0.019488915675738204,15.412735841800474,15.675531387329102,15.883001003345582,15.375852276889276,92568652,2017,11,9,-1
250543,274592,49,-0.023051797657815953,0.006655438224106587,15.753913343638573,15.776965141296388,15.896837050557236,15.72164036120123,76099018,2017,11,10,-1
250545,274594,49,0.21669087359206252,0.010987284682675161,15.763135766475363,15.5464448928833,15.76774635922725,15.481897758647992,40065829,2017,11,14,-1
250555,274604,49,-0.050714182494999704,0.019029925718280948,16.768211675048946,16.818925857543945,16.85119883666555,16.325607658305934,70407804,2017,11,29,-1
250596,274645,49,-0.03753315714163463,0.007996940286060874,17.528003341881803,17.565536499023438,17.73443511376272,17.499852585428467,39565357,2018,1,30,-1
250598,274647,49,-0.3049570731684632,0.013760393533890159,18.067544300122552,18.372501373291016,18.433492314006216,18.015935760812297,79392071,2018,2,1,-1
250601,274650,49,-0.35187381349127733,0.025989477590964514,16.927472652573176,17.279346466064453,17.391945944206114,16.655356950865105,83286617,2018,2,6,-1
250656,274705,49,0.16253611104009913,0.02232961025014163,15.985891785783751,15.823355674743652,16.110184177004193,15.522186532067137,175073050,2018,4,26,-1
250657,274706,49,0.04780374657334896,0.009741947949712504,15.842477666251083,15.794673919677734,16.043257506428542,15.785112687472548,71773908,2018,4,27,-1
250666,274715,49,-0.14341365989687027,0.010020634039431028,15.096726301345806,15.240139961242676,15.311846791191112,15.058481370998548,39600046,2018,5,10,-1
250688,274737,49,0.07648744454036205,0.007878022846813883,16.497403048178057,16.420915603637695,16.50696307332587,16.291842588265965,78647321,2018,6,12,-1
250689,274738,49,0.37287715473354055,0.01709436817760727,15.7755499223727,15.40267276763916,15.84247612685327,15.397893359227266,258289495,2018,6,13,-1
250690,274739,49,0.038243724055304185,0.016242379413154248,15.584333850092902,15.546090126037598,15.765992444775376,15.345310272940653,117442904,2018,6,14,-1
250691,274740,49,-0.25336417692276925,0.02056542642802926,15.593892483538657,15.847256660461426,15.904622840595092,15.369209585843471,150914551,2018,6,15,-1
250692,274741,49,0.3967790810398242,0.017333965723136443,15.785113355331816,15.388334274291992,15.79467458794153,15.345309934774608,104138823,2018,6,18,-1
250693,274742,49,-0.18643801132287585,0.011907415001602296,15.297505927886109,15.483943939208984,15.58433447338574,15.278384668706888,115643059,2018,6,19,-1
250694,274743,49,0.23902351852662385,0.01172679362853638,15.536525082552505,15.29750156402588,15.574768797227724,15.273599695063645,73886085,2018,6,20,-1
250696,274745,49,0.019122468085557287,0.007199270887581981,15.168435441108016,15.14931297302246,15.244922898997189,15.063264281090513,82958662,2018,6,22,-1
250710,274759,49,0.10246496139448702,0.007954573130493851,15.555243777617632,15.452778816223145,15.574760385041268,15.369829230065449,70635135,2018,7,13,-1
250718,274767,49,0.41474171982303076,0.02057251531516382,15.174655164342076,14.759913444519045,15.213689606667382,14.701362397124436,127781491,2018,7,25,-1
250721,274770,49,-0.21468879630754678,0.012846729024521122,15.399102669451729,15.613791465759276,15.677223198630683,15.345429854281551,84792932,2018,7,30,-1
250726,274775,49,0.04879336812296664,0.005975776581043593,15.716261439106855,15.667468070983888,15.769933035073937,15.613795242829932,39835585,2018,8,6,-1
250759,274808,49,0.1317417235062983,0.008122954916273262,16.614054879634228,16.48231315612793,16.7067609231207,16.48231315612793,172328000,2018,9,21,-1
250766,274815,49,-0.19029275502793652,0.008018312557632601,16.360328277686907,16.550621032714844,16.555500492098474,16.335930980768765,39724502,2018,10,2,-1
250773,274822,49,0.5373953995795127,0.025986301143892034,16.33582393504094,15.798428535461426,16.450268960744356,15.753645480781934,84334960,2018,10,11,-1
250777,274826,49,-0.07961403062342853,0.008130813606151248,16.12683357069493,16.20644760131836,16.28108685453028,16.062147642028737,39605606,2018,10,17,-1
250781,274830,49,-0.15922807831245933,0.022616787451083843,16.27113653045219,16.43036460876465,16.559737736537116,15.947704339308206,70738937,2018,10,23,-1
250782,274831,49,0.681696298375309,0.02981163668927511,15.788468721165836,15.106772422790527,15.823299689591256,15.057013357936878,157361240,2018,10,24,-1
250783,274832,49,0.33338420394443347,0.01887153378247566,15.25107829574131,14.917694091796877,15.280933241245153,14.808223863992511,101822750,2018,10,25,-1
250784,274833,49,0.39807142529708806,0.0220714256380042,14.872912543155977,14.474841117858888,14.89281542330497,14.355420067242049,102825150,2018,10,26,-1
250802,274851,49,-0.13434790125340434,0.012528959508946846,14.678854003043472,14.813201904296877,14.942575027770877,14.634070950434229,40125806,2018,11,21,-1
250808,274857,49,-0.26372096709405923,0.014504682074300343,15.280931971748712,15.544652938842772,15.639195057753843,15.266003871949897,106538705,2018,11,30,-1
250811,274860,49,-0.02487891182613211,0.014117496088791665,15.166488237526895,15.191367149353027,15.206295250393202,14.85300691170234,68847073,2018,12,6,-1
250821,274870,49,0.5921291434463214,0.03456380111537807,14.848030480116243,14.255901336669922,14.857982547209662,14.027010076391996,101572381,2018,12,20,-1
250822,274871,49,0.014928103881761245,0.023028884704375845,14.101652385192796,14.086724281311035,14.549481679327249,14.002134205796516,105470767,2018,12,21,-1
250824,274873,49,-0.2886011790365526,0.028447180943286875,13.683676462259836,13.972277641296388,13.982228452827522,13.335364131165193,75985949,2018,12,26,-1
250825,274874,49,-0.16918013228288764,0.02149354709896946,13.837928556071605,14.007108688354492,14.012084722430371,13.519472427809347,77548269,2018,12,27,-1
250827,274876,49,0.014928101567690533,0.011645337532595496,14.216095208196109,14.201167106628418,14.25092618861318,13.977251865984092,69988626,2018,12,31,-1
250847,274896,49,0.30005447477971003,0.028107512469704957,15.236656113573654,14.936601638793944,15.46042583537341,14.753517204203389,123070434,2019,1,30,-1
250848,274897,49,-0.28479562080155674,0.01906056548571378,15.002710482714066,15.287506103515623,15.302763562186223,14.824711935415223,69082348,2019,1,31,-1
250856,274905,49,0.020341999459450477,0.006029762560951335,15.180711872506327,15.160369873046877,15.27225408081942,15.119684589829747,39705568,2019,2,12,-1
250857,274906,49,-0.015256179226962985,0.007686620035341925,15.16037057553378,15.175626754760742,15.19597003946106,15.002715256299409,39773092,2019,2,13,-1
250878,274927,49,-0.08137187394681256,0.007484932565964307,15.516370206741664,15.597742080688477,15.602826618780233,15.409571789440331,70650758,2019,3,15,-1
250905,274954,49,0.14542967960234066,0.02069438021284163,16.137589523047165,15.992159843444824,16.4076750875123,15.851922956706094,95658073,2019,4,24,-1
250923,274972,49,0.046745619621457735,0.020685557848086632,16.766054472770872,16.719308853149414,17.181569634247946,16.599848408180044,70774685,2019,5,20,-1
251000,275049,49,0.5457361202364233,0.022950099441541274,20.038560674679783,19.49282455444336,20.2081093968445,19.45043737390218,156054584,2019,9,9,-1
251002,275051,49,-0.42917179654638815,0.016338557075195048,20.096846346153807,20.526018142700195,20.531316708610586,19.980281910190296,72914534,2019,9,11,-1
251009,275058,49,-0.32320308902327,0.013259371797724706,19.76304340145525,20.08624649047852,20.139230800846143,19.69946329943123,102573987,2019,9,20,-1
251035,275084,49,-0.1025169886183015,0.013914434991901412,20.66518511404283,20.767702102661133,20.967338942920183,20.48713000884751,82403244,2019,10,28,-1
251051,275100,49,0.4963949761212625,0.025177826506861845,20.99971567009099,20.503320693969727,21.02669454655596,20.163397751067222,85473203,2019,11,19,-1
251052,275101,49,-0.048560610245523605,0.019639055693219713,20.012318143416586,20.06087875366211,20.292888892805937,19.640020585724,92496494,2019,11,20,-1
251056,275105,49,-0.06474658090776586,0.010844592548894949,20.114837922266062,20.179584503173828,20.201167605189465,19.839660184414555,71535058,2019,11,26,-1
251098,275147,49,0.7962892462902857,0.02431494553254172,21.142833512037356,20.34654426574707,21.175783000619585,20.33556202743389,76732420,2020,1,29,-1
251118,275167,49,0.4667901471374627,0.025764832341156327,20.088435120892346,19.621644973754883,20.26965936780204,19.418454865885234,87815227,2020,2,27,-1
251119,275168,49,-0.6699802869581006,0.04738439488919394,18.671591520903227,19.341571807861328,19.6161540972932,18.12791875424668,160070673,2020,2,28,-1
251120,275169,49,-0.9939877446055654,0.03519628799365409,19.423952395164942,20.417940139770508,20.54973950478824,19.38001927349237,90605027,2020,3,2,-1
251121,275170,49,0.5271987167786989,0.034010760470048855,20.4618682114076,19.934669494628903,20.84628258446291,19.6985298906821,84481792,2020,3,3,-1
251125,275174,49,0.17573244943237398,0.030149360243056405,19.226248577972413,19.05051612854004,19.852295775780576,18.880274104683775,89990559,2020,3,9,-1
251126,275175,49,-0.1867160630856901,0.02826490284345306,19.500829713281497,19.687545776367188,19.70951163782485,18.803390382745025,75018634,2020,3,10,-1
251128,275177,49,0.29105779440475743,0.044160979090859545,17.496383874727023,17.205326080322266,18.358572244125963,17.057052663193037,111500925,2020,3,12,-1
251129,275178,49,-0.8512045681582734,0.0497212849070011,18.078494375933527,18.9296989440918,19.0065829304878,17.49638029310801,85647971,2020,3,13,-1
251130,275179,49,-0.44482434500147505,0.055081570353932977,17.02409922372411,17.468923568725586,18.611185933869237,16.980166109173254,77820218,2020,3,16,-1
251131,275180,49,-0.889646025728343,0.037280064624108725,17.639166382718923,18.528812408447266,18.70454627507582,17.578757822727184,78966008,2020,3,17,-1
251132,275181,49,-0.4667902650348488,0.05061553407596635,17.573265963602843,18.04005622863769,18.073005721810286,16.612227753692903,100669546,2020,3,18,-1
251133,275182,49,0.11532528150576127,0.03795882474837238,17.22179729688662,17.10647201538086,17.842352654329765,16.749516707027492,80521973,2020,3,19,-1
251134,275183,49,1.103821043613907,0.04751290508598542,16.727550749424456,15.623729705810549,16.749517999719508,15.475456313604358,154553565,2020,3,20,-1
251135,275184,49,0.3404826903099778,0.03640877879031047,15.041616418337322,14.701133728027344,15.217348882953528,14.322211121256684,128274548,2020,3,23,-1
251136,275185,49,-0.04942492685052535,0.03181085805748274,15.376605232146057,15.426030158996582,15.541355450588272,14.739574382540772,101022392,2020,3,24,-1
251137,275186,49,-0.17573244927365472,0.053698456648896456,15.420539065618923,15.596271514892578,16.4364924613349,15.030631480324354,90068675,2020,3,25,-1
251138,275187,49,-1.0543962664896966,0.045940578398730024,15.750039463490772,16.80443572998047,17.002135463329022,15.750039463490772,84786312,2020,3,26,-1
251141,275190,49,0.48875608829076,0.021922209955294834,16.496902374301502,16.008146286010742,16.546327303097357,15.953229544368524,92432942,2020,3,31,-1
251142,275191,49,0.18122429057639877,0.01878244121729706,15.585290376391828,15.40406608581543,15.695123868119992,15.211858168701909,72351304,2020,4,1,-1
251144,275193,49,0.5876059632781789,0.03197169164223872,15.667664061117534,15.080058097839355,15.782989360662471,14.964734185115883,70758797,2020,4,3,-1
251145,275194,49,-0.57113053784866,0.028381490104208082,15.596273636956028,16.167404174804688,16.29920352969284,15.546848705520285,70836648,2020,4,6,-1
251146,275195,49,0.1976997062529371,0.01771119247582901,16.71656719892872,16.51886749267578,17.007624945709832,16.513375680077495,71847522,2020,4,7,-1
251197,275246,49,0.21357017353196994,0.015229947485044665,17.248648222238025,17.035078048706055,17.282370949090453,16.84960872824443,99288878,2020,6,19,-1
251200,275249,49,0.3428364631837084,0.017855818492289656,16.877714240283318,16.53487777709961,16.883334696310207,16.388750178321686,86849104,2020,6,24,-1
251202,275251,49,0.2697747249941962,0.013145541556699378,16.613557149920954,16.343782424926758,16.613557149920954,16.2538579896976,101387551,2020,6,26,-1
251277,275326,49,0.15316694919375706,0.009684969364459391,16.500930010717195,16.347763061523438,16.57162370762401,16.30652420384005,71511756,2020,10,13,-1
251281,275330,49,0.3299018486039884,0.014381404150009505,16.16513553695848,15.835233688354492,16.18280784077066,15.79988759303724,69017472,2020,10,19,-1
251284,275333,49,-0.26509942224330274,0.01709901880199512,16.394885166379744,16.659984588623047,16.789589411805473,16.3183017153388,118508460,2020,10,22,-1
251296,275345,49,-0.03534610005290517,0.013501052096447296,16.63642399577229,16.671770095825195,16.960433136258967,16.583404101846384,93572376,2020,11,9,-1
251316,275365,49,-0.7776231145093639,0.029243220637241638,17.372809472160554,18.15043258666992,18.22112478561092,17.355135678578772,97456992,2020,12,8,-1
251317,275366,49,-0.27099071544170883,0.017580525868057095,18.26236118275165,18.53335189819336,18.786668820988982,18.24468887779855,93587470,2020,12,9,-1
251323,275372,49,0.2474256899776428,0.011677388103186984,17.69681991605186,17.44939422607422,17.743948548062214,17.402265594063866,81662996,2020,12,17,-1
251324,275373,49,0.07069368788862818,0.008559216078445538,17.390483574363238,17.31978988647461,17.48473934539293,17.237313669322358,98528240,2020,12,18,-1
251326,275375,49,0.3534639189571429,0.014456872192024257,17.084142477306752,16.73067855834961,17.09003374098175,16.683549936642468,84593405,2020,12,22,-1
251333,275382,49,-0.029454835150367842,0.009648636731483503,17.313898436334007,17.343353271484375,17.372809594327816,17.09592759806483,86700816,2021,1,4,-1
251334,275383,49,0.14138739597378347,0.01141247217759257,17.37870352756558,17.237316131591797,17.525980701319416,17.196078760971652,83054520,2021,1,5,-1
251335,275384,49,-0.24742418160393953,0.012746073201377512,17.325680676794498,17.573104858398438,17.67325337901134,17.30211561891238,73455520,2021,1,6,-1
251336,275385,49,0.06480242166407635,0.008239380778991856,17.685035957430678,17.6202335357666,17.726273321146707,17.484738915644495,71265359,2021,1,7,-1
251337,275386,49,0.07235929004552943,0.009532894426408782,17.571081366461545,17.498722076416016,17.613290317844612,17.335916338616233,72471656,2021,1,8,-1
251341,275390,49,-0.3859121157067804,0.02555088205993007,17.27561551796021,17.661527633666992,17.95096172044708,17.203256234893075,84548919,2021,1,14,-1
251347,275396,49,-0.2110462651890117,0.014371631840443422,17.341943694527785,17.552989959716797,17.595198908205745,17.179137967891023,68733209,2021,1,25,-1
251349,275398,49,-0.060299153877167555,0.025179342680015582,17.510782007621856,17.571081161499023,18.21024853801056,17.46254298906899,97381127,2021,1,27,-1
251350,275399,49,0.13868698096622012,0.019301766561701038,17.504751052621494,17.366064071655273,17.920813518264428,17.354003936942313,69698670,2021,1,28,-1
251369,275418,49,0.31958438987443927,0.013911586084787524,17.583138009259205,17.263553619384766,17.643435629118017,17.239434875990057,77501929,2021,2,25,-1
251370,275419,49,0.4763599308779831,0.01907375899599583,17.29369887435943,16.817338943481445,17.36002806986214,16.817338943481445,102619798,2021,2,26,-1
251373,275422,49,-0.32561294710075117,0.015774658592469272,16.99221046293343,17.31782341003418,17.444450244255542,16.99221046293343,75820581,2021,3,3,-1
251374,275423,49,-0.09044797171700125,0.013882838089150735,17.34797518502128,17.43842315673828,17.67961977830948,17.27561741674544,80437237,2021,3,4,-1
251375,275424,49,-0.3678234355249117,0.015546739499324428,17.492690251608877,17.86051368713379,17.932872969911102,17.47460157297272,77737336,2021,3,5,-1
251376,275425,49,-0.27134387834284723,0.019481525160987535,17.812274285719653,18.0836181640625,18.324814752915064,17.739916527259236,74116593,2021,3,8,-1
251380,275429,49,0.05426907708881146,0.02280007177008767,18.029349567201116,17.975080490112305,18.614247759137683,17.9208114130235,92827229,2021,3,12,-1
251385,275434,49,0.15074712133002066,0.008855586165381976,18.09568005895209,17.94493293762207,18.12582887412036,17.860515036955444,97559734,2021,3,19,-1
251390,275439,49,-0.01809020411844031,0.010293339193949654,18.2584886990798,18.27657890319824,18.45144478536539,18.13789038377908,83378238,2021,3,26,-1
251404,275453,49,-0.024669392694534054,0.0038118410998645197,18.44597460449785,18.470643997192383,18.51998122517029,18.40280472469357,39935944,2021,4,16,-1
251405,275454,49,0.0061673475058015015,0.005414977708166292,18.50147717721772,18.495309829711918,18.550814399853145,18.38430224684044,39439974,2021,4,19,-1
251408,275457,49,-0.03700252464204823,0.014100163028247658,19.30320743629545,19.3402099609375,19.6670700079397,19.21069878857404,143684584,2021,4,22,-1
251416,275465,49,-0.2590208066894917,0.010004837268889243,19.48822307453609,19.747243881225582,19.784246408635237,19.45738789459655,68700639,2021,5,4,-1
251425,275474,49,1.3197718366827047,0.04872089714195409,20.66615016309872,19.346378326416016,20.89433578479414,19.266204368491568,227010260,2021,5,17,-1
251426,275475,49,0.20351625120111905,0.02264224889356964,18.427473312968694,18.223957061767575,18.50147837299941,17.816924559365347,327097378,2021,5,18,-1
251427,275476,49,0.05550457851605728,0.010589209297781711,17.91560055629926,17.860095977783203,17.99577297114955,17.681249102773528,162369932,2021,5,19,-1
251428,275477,49,-0.3885320006154558,0.016190852461117424,17.89092890636697,18.279460906982425,18.31646343552308,17.82925698719186,108488825,2021,5,20,-1
251429,275478,49,0.0,0.007594532019138101,18.507646560668945,18.507646560668945,18.649490896673107,18.415139452727587,98754380,2021,5,21,-1
251431,275480,49,0.11717494510704185,0.010590042014777545,18.32263263248497,18.20545768737793,18.347302025609302,18.02660925946005,77290883,2021,5,25,-1
251440,275489,49,0.03083518498925386,0.006445399841930979,17.903265986380855,17.8724308013916,17.909433334860953,17.718251761622856,81796720,2021,6,8,-1
251448,275497,49,-0.012334694481257458,0.00756222123696804,17.656576285743352,17.66891098022461,17.74291603229032,17.520899318682268,86995009,2021,6,18,-1
251468,275517,49,0.2021599567715846,0.015095660851074924,17.75850685008213,17.556346893310547,17.81536453734643,17.37314003075316,76367393,2021,7,19,-1
251472,275521,49,-0.113715371936145,0.0057757142256777,17.67006186500233,17.783777236938477,17.821681829124437,17.65110877122022,40029948,2021,7,23,-1
251501,275550,49,-0.29060453033035927,0.015497782302275689,17.170979560856164,17.461584091186523,17.6068863563517,17.158344165090952,80611740,2021,9,2,-1
251505,275554,49,0.09476225599692611,0.005669836014486363,17.417357852310403,17.322595596313477,17.48053322143432,17.316277899863294,39806590,2021,9,9,-1
251511,275560,49,-0.06949148129288929,0.011282511747929958,17.32259836245711,17.39208984375,17.65110746267895,17.32259836245711,89996517,2021,9,17,-1
251524,275573,49,-0.0315868882012289,0.008183089489775601,17.221516368024357,17.253103256225586,17.2720563463731,17.03830794939895,73923686,2021,10,6,-1
251527,275576,49,0.42773679940546927,0.016834954064176524,17.297483961270704,16.869747161865234,17.349330994832336,16.869747161865234,85460890,2021,10,11,-1
251528,275577,49,0.3823725420371389,0.015660592875631065,16.86326853813089,16.48089599609375,16.86974962285123,16.435530039688928,101515979,2021,10,12,-1
251529,275578,49,-0.012960530626429545,0.01070968309048585,16.38368024696146,16.39664077758789,16.500334842423026,16.20869589881319,80546996,2021,10,13,-1
251530,275579,49,-0.16202217887952486,0.010800036227937517,16.4420065229027,16.604028701782227,16.7271660159891,16.42904599243666,75032669,2021,10,14,-1
251535,275584,49,0.2333125012246171,0.01597271881326339,16.928077592167,16.694765090942383,17.038251121481355,16.591069373013354,73916007,2021,10,21,-1
251540,275589,49,-0.2721957151266423,0.013022711142418868,16.28646860677277,16.558664321899414,16.616992442751528,16.260544270110756,70281362,2021,10,28,-1
251541,275590,49,0.07128864633889975,0.008770901946318445,16.442006648658236,16.370718002319336,16.539219629402023,16.299427719343164,71775496,2021,10,29,-1
251545,275594,49,0.21387086441485081,0.01712907198822465,16.28646836807696,16.07259750366211,16.36423810364837,15.904094227740869,83532616,2021,11,4,-1
251557,275606,49,-0.3888519366753531,0.01939445762214776,15.61893576779242,16.007787704467773,16.11148340910351,15.599492516303718,71414574,2021,11,22,-1
251561,275610,49,0.23331243487283615,0.010236374194922812,15.716146297177524,15.482833862304688,15.72262737999478,15.456911167672748,69449493,2021,11,29,-1
251562,275611,49,0.5249515085434044,0.029364930515136636,15.32081656744233,14.795865058898926,15.34674090694452,14.614399592296378,184492383,2021,11,30,-1
251563,275612,49,0.49902872607834503,0.025919974460851786,14.906037850834204,14.40700912475586,15.03565625439443,14.400528040914114,106323952,2021,12,1,-1
251564,275613,49,-0.4990287232006452,0.025851585727628586,14.43941446069828,14.938443183898926,15.074541033878743,14.43941446069828,105952835,2021,12,2,-1
251565,275614,49,-0.2851578681166007,0.016036576973990933,14.918999961168067,15.204157829284668,15.24952377936516,14.847709675820251,93399859,2021,12,3,-1
251566,275615,49,0.20090704177283492,0.018080624993563395,15.28840952132606,15.087502479553224,15.515240897075904,15.05509706208196,78265347,2021,12,6,-1
251567,275616,49,0.14257893368732866,0.010368091478459917,15.100463722200512,14.957884788513184,15.145829672162966,14.886596139988182,82646331,2021,12,7,-1
251571,275620,49,0.17498434628652149,0.013586207257118503,14.718092332736717,14.543107986450195,14.776420448165556,14.44589336964395,87574921,2021,12,13,-1
251572,275621,49,0.06480920290243652,0.012818142555129638,14.510703444235444,14.445894241333008,14.731053752121303,14.419971542154451,102318985,2021,12,14,-1
251573,275622,49,0.07129028911246493,0.010275470916015803,14.439415250965492,14.368124961853027,14.517184987599622,14.27091197274166,93643342,2021,12,15,-1
251574,275623,49,-0.6869735411392917,0.032009977928792684,14.67920497143395,15.366178512573242,15.482834736597065,14.67920497143395,150436190,2021,12,16,-1
251575,275624,49,0.012960530244210844,0.014275456248951574,15.424507237397531,15.41154670715332,15.450431571160426,15.08750235494057,142867941,2021,12,17,-1
251576,275625,49,-0.10369407016750287,0.013501915008105768,15.573570143394509,15.677264213562012,15.742071779938676,15.392104702282696,102088344,2021,12,20,-1
251577,275626,49,-0.09721298859779992,0.015192453124341294,15.761515420215677,15.858728408813477,16.085559806633285,15.683745683992395,96523307,2021,12,21,-1
2056476,2259300,406,-0.05956653112061261,0.011686961781458477,16.935272183478997,16.99483871459961,17.11855429611848,16.788646493367413,3694558,2000,1,11,-1
2056478,2259302,406,0.4215495543732466,0.017312271040732758,16.715336556936723,16.293787002563477,16.77032057834743,16.293787002563477,3783847,2000,1,13,-1
2056479,2259303,406,-0.10996927205174956,0.011375892173493957,16.403754101361336,16.513723373413086,16.605365055405105,16.29378482930959,3180616,2000,1,14,-1
2056481,2259305,406,-0.03665642476177666,0.010354757008951328,16.861960366009708,16.898616790771484,17.15521176410394,16.861960366009708,2962563,2000,1,19,-1
2056482,2259306,406,0.0733128374867853,0.014750260210219914,17.026910859947723,16.953598022460938,17.375147459958765,16.953598022460938,2711262,2000,1,20,-1
2056484,2259308,406,0.054984018331271756,0.008703935780551487,17.68673031044553,17.631746292114258,17.83335601785944,17.5767610298851,3908497,2000,1,24,-1
2056486,2259310,406,0.2932514138277753,0.014176992142456265,17.228525537973283,16.935274124145508,17.28350955611705,16.88028886210386,4054162,2000,1,26,-1
2056487,2259311,406,-0.07331286083562816,0.016845318744670594,17.00858868945734,17.08190155029297,17.22852727196422,16.75199367653265,3125129,2000,1,27,-1
2056488,2259312,406,0.09164043995554039,0.01877920173408036,16.990257230727025,16.898616790771484,17.26518103838928,16.73366225739457,3357527,2000,1,28,-1
2056491,2259315,406,0.21993865124516176,0.01007253855554972,17.61342467419438,17.39348602294922,17.631753517080675,17.338501982087127,2948441,2000,2,2,-1
2056492,2259316,406,0.38489329282272067,0.021609818177829733,17.521785611548307,17.136892318725586,17.631754946083586,17.008595383717008,2590060,2000,2,3,-1
2056493,2259317,406,0.05498526152752703,0.013996759765674043,17.228525376883972,17.173540115356445,17.503447952828,17.100227262584987,3402004,2000,2,4,-1
2056494,2259318,406,-0.34823669882226227,0.020381546334862204,17.17354140786719,17.521778106689453,17.576762128457304,16.990259262144413,3314049,2000,2,7,-1
2056495,2259319,406,0.23826630290799145,0.018267051276760943,17.540115668142366,17.301849365234375,17.741726764970977,17.210207618339915,3069310,2000,2,8,-1
2056496,2259320,406,0.3482366000110382,0.01737146038784726,17.301834622471976,16.953598022460938,17.35681862863826,16.86195759755126,3224760,2000,2,9,-1
2056497,2259321,406,0.18328215895580868,0.009169048736365374,16.916947625264402,16.733665466308594,16.935276463109012,16.678681440570877,2851813,2000,2,10,-1
2056498,2259322,406,0.2749226533988889,0.02762463720294925,16.697011276445764,16.422088623046875,16.71534011675141,15.963882542184429,3436808,2000,2,11,-1
2056499,2259323,406,0.201610982157721,0.015529729443325188,16.422085225321783,16.220474243164062,16.513725676194955,16.092176119264064,2905520,2000,2,14,-1
2056500,2259324,406,0.25659516215648104,0.012383140105219013,16.165500191453358,15.908905029296877,16.165500191453358,15.835592125823595,3995896,2000,2,15,-1
2056501,2259325,406,-0.2932515041056618,0.01372770720613062,15.853913794356252,16.147165298461914,16.22047817448833,15.853913794356252,3747375,2000,2,16,-1
2056502,2259326,406,0.6048320612027922,0.026757025356913662,16.367109664352206,15.762277603149414,16.40376611521605,15.688964701421725,3358638,2000,2,17,-1
2056504,2259328,406,0.0733128510572616,0.018769059807698277,15.395702453718394,15.322389602661133,15.487344139488894,15.010810607616694,3589701,2000,2,22,-1
2056505,2259329,406,0.2565950578937297,0.02352559410600162,14.992486400056816,14.735891342163086,15.267410298320636,14.68090730884926,4013798,2000,2,23,-1
2056514,2259338,406,0.4032208316456547,0.023190588469664562,16.715341269267725,16.31212043762207,16.93527990471081,16.29379159605266,3890594,2000,3,7,-1
2056515,2259339,406,-0.49486279560080604,0.024159903148580117,16.07386088298806,16.568723678588867,16.733677114523186,16.07386088298806,3478062,2000,3,8,-1
2056516,2259340,406,-0.6598155586732162,0.029525625638604894,16.53205036234729,17.191865921020508,17.191865921020508,16.367095850730163,4054384,2000,3,9,-1
2056517,2259341,406,0.32990807127426436,0.01693668347197523,17.136895833725436,16.806987762451172,17.136895833725436,16.660361952995945,3984109,2000,3,10,-1
2056518,2259342,406,-0.16495331121846135,0.014583876714364483,16.605367581115523,16.770320892333984,16.80697732192675,16.403756596406314,3737813,2000,3,13,-1
2056519,2259343,406,0.09164175690931486,0.008670081807489361,16.532065722363416,16.4404239654541,16.623706235373927,16.385439906427557,3694336,2000,3,14,-1
2056523,2259347,406,-0.0366564276510033,0.017150956964044492,17.3018388268656,17.3384952545166,17.57676141229917,17.081900260959575,3379877,2000,3,20,-1
2056524,2259348,406,0.07331289620494985,0.014640771260167537,17.3385049280653,17.26519203186035,17.50345832257714,17.081909791347975,3240883,2000,3,21,-1
2056527,2259351,406,0.07331287473274983,0.01382105265674733,17.521782036720055,17.448469161987305,17.723391820285993,17.320171009255873,3602266,2000,3,24,-1
2056528,2259352,406,-0.3299076612107825,0.017517605422007,17.44845461295914,17.778362274169922,17.851675087772318,17.338485392555544,3862907,2000,3,27,-1
2056529,2259353,406,0.018327598227831032,0.012447306841608214,17.760049705161425,17.741722106933594,17.87001902622345,17.503454622683364,3661422,2000,3,28,-1
2056530,2259354,406,-0.43987703591120564,0.017195151129999784,17.741712090675712,18.181589126586918,18.181589126586918,17.66839925135718,3688776,2000,3,29,-1
2056533,2259357,406,-0.38489189951541647,0.019355103057599174,18.108281699727748,18.493173599243164,18.493173599243164,17.906670709392614,3683883,2000,4,3,-1
2056535,2259359,406,0.20160965971547995,0.0164547565661635,18.731432962938136,18.529823303222656,18.98802786687441,18.474838059001858,3569241,2000,4,5,-1
2056536,2259360,406,-0.4978960746104768,0.018102850151786795,18.735626340550656,19.233522415161133,19.251962361578997,18.680305249773628,3068420,2000,4,6,-1
2056538,2259362,406,0.12908334598646576,0.013602673241902782,18.772502611733536,18.64341926574707,18.938468344028266,18.51433466823749,3734032,2000,4,10,-1
2056539,2259363,406,-0.01844120179841724,0.008767489936819575,18.88315486753752,18.901596069335938,19.086001829701587,18.809392563391256,3090659,2000,4,11,-1
2056541,2259365,406,0.3503714418694308,0.011203742114956923,18.95691021445244,18.606538772583008,18.95691021445244,18.606538772583008,3273241,2000,4,13,-1
2056543,2259367,406,0.1290833490718839,0.023017606536900413,18.016439153515243,17.88735580444336,18.14552375411028,17.463222118514704,3963427,2000,4,17,-1
2056544,2259368,406,-0.09220224443769354,0.013551695832501794,17.813599528633596,17.90580177307129,18.18241100943151,17.776718380553802,3324835,2000,4,18,-1
2056545,2259369,406,-0.25816794880994465,0.012256773131636013,17.961118016155876,18.21928596496582,18.256167100510098,17.88735574506732,2446174,2000,4,19,-1
2056546,2259370,406,0.2950490540109847,0.015487239391181988,18.07175956426489,17.776710510253906,18.108640696016263,17.647625923362593,2282829,2000,4,20,-1
2056547,2259371,406,-0.42413264649422544,0.01596677633911041,17.850483594960856,18.27461624145508,18.27461624145508,17.79516123803513,2671899,2000,4,24,-1
2056548,2259372,406,-0.2212868694609007,0.019394212068582575,18.34837522465531,18.56966209411621,18.56966209411621,17.979562524030346,3411567,2000,4,25,-1
2056549,2259373,406,0.03688114978574575,0.016605023054449334,18.182411850469343,18.145530700683597,18.426749311359483,17.92424380196909,3387216,2000,4,26,-1
2056550,2259374,406,0.31348911806940905,0.01302246334877361,18.01644436404109,17.70295524597168,18.05332551037417,17.666074099638603,3754381,2000,4,27,-1
2056556,2259380,406,-0.11064341827045077,0.009052129681847248,15.803572623294489,15.91421604156494,16.024859459835394,15.785131427821108,2548473,2000,5,5,-1
2056557,2259381,406,-0.11986340765821879,0.017388644988809192,15.95109949822557,16.07096290588379,16.15394642028421,15.692931484756777,4121101,2000,5,8,-1
2056559,2259383,406,0.03687990576814215,0.01946433067423385,15.858901390143142,15.822021484375,16.190831805771385,15.67449560368301,3991670,2000,5,10,-1
2056560,2259384,406,-0.0322705248461439,0.013078660051865714,16.117061521662645,16.14933204650879,16.26458606642759,15.914214646849269,3808977,2000,5,11,-1
2056562,2259386,406,-0.49789609277083713,0.024345727441253077,15.748252970339514,16.24614906311035,16.24614906311035,15.600728387522006,4175587,2000,5,15,-1
2056563,2259387,406,0.18440704078103565,0.01084568691411742,16.48588256568338,16.301475524902344,16.48588256568338,16.19083205134806,3051630,2000,5,16,-1
2056564,2259388,406,0.0,0.005541548336479663,16.00642967224121,16.00642967224121,16.061750790717003,15.914226139416128,2806668,2000,5,17,-1
2056565,2259389,406,0.0,0.007641736050739604,15.89578342437744,15.89578342437744,16.043308050069154,15.840461063981122,2739395,2000,5,18,-1
2056567,2259391,406,0.11064341696797264,0.016553335121771186,15.545404464331252,15.43476104736328,15.600725547053608,15.17659307443802,2542024,2000,5,22,-1
2056568,2259392,406,0.44257384034576575,0.019668377303324987,15.434767062391664,14.992193222045898,15.453207013310864,14.955312068683751,3363531,2000,5,23,-1
2056570,2259394,406,0.22128697237150163,0.014044503913799217,15.15816136201994,14.936874389648438,15.15816136201994,14.807790948193752,3079206,2000,5,25,-1
2056571,2259395,406,-0.4610150760613987,0.029230151189602146,14.789347320178836,15.250362396240234,15.526970440658005,14.789347320178836,2457627,2000,5,26,-1
2056572,2259396,406,-0.1844057703062152,0.00862064167519253,15.324123892779722,15.508529663085938,15.526969614354671,15.305682689987217,3039954,2000,5,30,-1
2056573,2259397,406,-0.11064346843101625,0.011398890907330716,15.490089334913712,15.600732803344728,15.692936319465828,15.397887070316454,2686355,2000,5,31,-1
2056574,2259398,406,-0.20745623340914499,0.016280176307226314,15.58228432902982,15.789740562438965,15.858892223067627,15.434759785136814,2660113,2000,6,1,-1
2056575,2259399,406,0.2950492583362134,0.018136834490162998,16.117070742711213,15.822021484375,16.117070742711213,15.637614446390982,3482509,2000,6,2,-1
2056576,2259400,406,0.18440701317776131,0.013354183763129699,15.822019356012234,15.637612342834473,15.932662813004663,15.582291240100114,2553811,2000,6,5,-1
2056577,2259401,406,-0.23972687110692448,0.015399844748793363,15.711376339342296,15.95110321044922,16.02486551717808,15.619172830169347,2814340,2000,6,6,-1
2056578,2259402,406,0.036881153364429764,0.00898954376845662,15.98798436381365,15.95110321044922,16.13550897727137,15.895782106164448,3932292,2000,6,7,-1
2056579,2259403,406,-0.25816938967257563,0.013184446724858691,15.858903669409456,16.11707305908203,16.135513014616322,15.785141344224169,4093636,2000,6,8,-1
2056580,2259404,406,0.20284689259080402,0.00968667838694816,16.117062934155744,15.91421604156494,16.135502878105846,15.877334902141458,2870716,2000,6,9,-1
2056581,2259405,406,0.05532235044043787,0.009697898523010137,15.932661713538582,15.877339363098145,16.117067462467332,15.858898162443454,2569155,2000,6,12,-1
2056582,2259406,406,-0.42413254853502735,0.029202071971627303,15.932659901416145,16.356792449951172,16.70716395882764,15.914218702858888,3796079,2000,6,13,-1
2056589,2259413,406,-0.2581680614340627,0.015616768550280718,16.91001240426418,17.168180465698242,17.24194276896512,16.799368949363863,3953086,2000,6,22,-1
2056590,2259414,406,0.2581680880758519,0.012369738225252795,17.186623440859055,16.928455352783203,17.186623440859055,16.836251838422776,2096355,2000,6,23,-1
2056591,2259415,406,0.4425738244631283,0.0226654161041449,16.817810335693597,16.37523651123047,16.92845379180938,16.301472955629578,3385770,2000,6,26,-1
2056596,2259420,406,-1.3006965175563376,0.0511425098290173,15.050906036764951,16.35160255432129,16.388765275934944,15.050906036764951,3678546,2000,7,3,-1
2056598,2259422,406,0.2045709821412487,0.02943511695361579,16.216953489465467,16.01238250732422,16.71908444392112,15.919394779319406,4175364,2000,7,6,-1
2056641,2259465,406,0.1673761210618281,0.017358463510740336,12.85081823684552,12.683442115783691,13.05539045388572,12.683442115783691,3898156,2000,9,6,-1
2056642,2259466,406,-0.22316902121670168,0.016454727116803756,12.757832832726171,12.981001853942873,13.07398831503236,12.720637995856722,3991114,2000,9,7,-1
2056645,2259469,406,-0.18597424899715342,0.018532105361721743,13.166980615504798,13.352954864501951,13.464539413900248,13.055396066106503,4125882,2000,9,12,-1
2056646,2259470,406,0.4463378850039845,0.02041763884273429,13.352945512872637,12.906607627868652,13.352945512872637,12.906607627868652,3914279,2000,9,13,-1
2056647,2259471,406,-0.11158455675684387,0.007794009555385356,12.832227813543447,12.943812370300291,12.981007222552575,12.813629756332912,2949886,2000,9,14,-1
2056649,2259473,406,-0.05579286670941208,0.009485038301341892,12.85081476115924,12.906607627868652,13.05538692286998,12.85081476115924,4141227,2000,9,18,-1
2056650,2259474,406,0.03719482828804033,0.010295584079475022,13.036790470377884,12.999595642089844,13.129778172181975,12.906609202453737,3705455,2000,9,19,-1
2056656,2259480,406,0.05579286202463152,0.018239727673773624,12.98099618538889,12.925203323364258,13.05538582664325,12.664839578974,3699895,2000,9,27,-1
2056673,2259497,406,-0.2811514292630619,0.01792855361593431,14.244977339657837,14.526128768920898,14.657331836388805,14.226233317405388,3602711,2000,10,20,-1
2056674,2259498,406,-0.5060721837191693,0.029938287809155285,14.394927839169014,14.901000022888184,15.032203121434751,14.301211521932196,3816761,2000,10,23,-1
2056686,2259510,406,0.11246030635248516,0.01300408549941426,16.625386408037055,16.51292610168457,16.625386408037055,16.26926274062486,3667426,2000,11,8,-1
2056694,2259518,406,-0.22492049639397393,0.01515011549459118,15.444544568608466,15.66946506500244,15.80066932393594,15.40705781920947,3962093,2000,11,20,-1
2056695,2259519,406,0.20617663287866606,0.01565532103427874,15.93188368701685,15.725707054138184,16.02560126347074,15.613246725638474,4149567,2000,11,21,-1
2056696,2259520,406,-0.18743390180477348,0.01349634596193758,15.706964787465246,15.89439868927002,16.025603056570898,15.66947800710429,3795634,2000,11,22,-1
2056697,2259521,406,0.03748677465791239,0.010654846109314883,15.856909496520704,15.819422721862791,15.98811384386083,15.706962397889065,1363804,2000,11,24,-1
2056698,2259522,406,-0.1874338104668425,0.01051799886519285,15.913134960895462,16.100568771362305,16.19428631263295,15.913134960895462,3044958,2000,11,27,-1
2056709,2259533,406,0.037486764517179694,0.012132958541667056,16.64412853392636,16.60664176940918,16.869049121029445,16.531668240374817,3820764,2000,12,12,-1
2056718,2259542,406,-0.6372753147450112,0.029226406674858464,14.28246822315782,14.919743537902832,14.99471710434342,14.28246822315782,3414681,2000,12,26,-1
2056746,2259570,406,-0.43793635395789465,0.01849751918412923,15.992250871383902,16.430187225341797,16.430187225341797,15.931845017693671,4178144,2001,2,6,-1
2056747,2259571,406,0.2567212104496832,0.009900829991598234,16.24896306988572,15.992241859436035,16.255003523739322,15.98922099195209,4207611,2001,2,7,-1
2056749,2259573,406,0.2748427615992899,0.02255417060907933,16.12816383703874,15.853321075439451,16.306359270312214,15.7053279322678,4201829,2001,2,9,-1
2056751,2259575,406,-0.2567212172978799,0.017171300123500925,16.113052647448214,16.369773864746094,16.39393568080505,15.931836464777408,3953753,2001,2,13,-1
2056760,2259584,406,0.12081032506883105,0.014173219741121325,15.478793914241194,15.357983589172363,15.539199717332576,15.176768742126084,3426578,2001,2,27,-1
2056762,2259586,406,0.25974213822245495,0.021052728022740667,14.889852878884074,14.63011074066162,14.904953376465928,14.39151083639126,4100975,2001,3,1,-1
2056766,2259590,406,0.2385998434001877,0.012878165727702187,14.663330144303508,14.42473030090332,14.663330144303508,14.352243575213226,4168248,2001,3,7,-1
2056767,2259591,406,-0.2567211875821602,0.014270437465409142,14.618025135049676,14.874746322631836,14.920050363055552,14.569701508525272,3736145,2001,3,8,-1
2056768,2259592,406,0.2899444789567802,0.013967205445172664,14.708639928785882,14.418695449829102,14.71468166649923,14.37641225363974,3863574,2001,3,9,-1
2056769,2259593,406,-0.018121362910545002,0.021718441459717457,14.31600224853965,14.334123611450195,14.79622284956942,14.270698200706098,3932070,2001,3,12,-1
2056793,2259617,406,0.024351215561024375,0.024303513447653878,15.85277948399364,15.828428268432615,16.117602181111536,15.478376316851143,4101086,2001,4,16,-1
2056817,2259641,406,-0.06392261794963616,0.006337523517958888,16.42200305648884,16.485925674438477,16.528540322685785,16.355037180671644,3445037,2001,5,18,-1
2056819,2259643,406,0.06696585921292098,0.00640780548778689,16.63507346419339,16.56810760498047,16.63507346419339,16.458525816929573,3399002,2001,5,22,-1
2056824,2259648,406,0.0,0.007785187833461614,16.437210083007812,16.437210083007812,16.54374726406236,16.330671610796948,3777509,2001,5,30,-1
2056831,2259655,406,-0.0578334898870807,0.014131500479352485,16.227183523662724,16.285017013549805,16.36111520579317,15.980624244576353,3486957,2001,6,8,-1
2056832,2259656,406,-0.15524094398424282,0.009754532264235111,16.224140235825327,16.37938117980957,16.437215965343498,16.172393254497248,3461160,2001,6,11,-1
2056833,2259657,406,-0.2891739186811222,0.014380753627682074,16.254578751606964,16.543752670288086,16.595499650007696,16.202831771887354,4053161,2001,6,12,-1
2056834,2259658,406,0.22829459036381294,0.011672558557631864,16.543752888093305,16.315458297729492,16.604630929060953,16.285017986088913,2814674,2001,6,13,-1
2056835,2259659,406,0.18263531477186135,0.009175899801766467,16.42198658735487,16.239351272583008,16.461557938049655,16.21195552346261,3986667,2001,6,14,-1
2056837,2259661,406,0.21611902459500598,0.009266859578136359,16.10238573296903,15.886266708374023,16.10238573296903,15.85582768191494,3335844,2001,6,18,-1
2056842,2259666,406,0.2891726783742339,0.011947281420798497,16.056726007842006,15.767553329467772,16.071946166138318,15.75537771929351,4088410,2001,6,25,-1
2056844,2259668,406,0.18263535064777514,0.011208665485673935,16.102376981201974,15.9197416305542,16.13281599111722,15.834511111635209,3935406,2001,6,27,-1
2056848,2259672,406,-0.15523968586219894,0.010241806670358821,16.580283538014754,16.735523223876953,16.741612320535328,16.458526136831292,2767082,2001,7,3,-1
2056851,2259675,406,-0.27592088236458423,0.016515912883324768,16.279321656087564,16.55524253845215,16.726926325152192,16.2731901387207,3924842,2001,7,9,-1
2056855,2259679,406,0.06438157833382618,0.007588444868265116,17.002844789393396,16.93846321105957,17.091753736010208,16.877148041421535,4069840,2001,7,13,-1
2056856,2259680,406,-0.06131518227903854,0.010314006986166592,17.07642781393678,17.13774299621582,17.284900734113553,16.990585258318088,4177699,2001,7,16,-1
2056866,2259690,406,0.009196629405060719,0.0087721263689705,17.183734288096467,17.174537658691406,17.337023582178894,17.085629972157868,3822543,2001,7,30,-1
2056872,2259696,406,-0.02146096265217423,0.008533095707655126,16.401953267694505,16.42341423034668,16.515388298366897,16.282388019610593,3459381,2001,8,7,-1
2056873,2259697,406,0.15328927146853744,0.011261552946654369,16.417285395736116,16.263996124267578,16.50312795994689,16.196549417009816,3684995,2001,8,8,-1
2056876,2259700,406,-0.0735795339151899,0.004941950713861136,16.37129999794516,16.44487953186035,16.4602076802893,16.32531425223001,3138806,2001,8,13,-1
2056877,2259701,406,-0.08584256920678612,0.005953447476575995,16.371299307013917,16.457141876220703,16.472471324430995,16.30998411502925,3183618,2001,8,14,-1
2056879,2259703,406,-0.19927631618652697,0.009073824053170384,16.14136470554199,16.340641021728516,16.355970469292167,16.110707110842878,2646102,2001,8,16,-1
2056881,2259705,406,-0.32190799541117343,0.011949046402131767,16.018733026317342,16.340641021728516,16.340641021728516,16.018733026317342,3570798,2001,8,20,-1
2056882,2259706,406,0.07664463696187696,0.009255228540355664,16.417285658690393,16.340641021728516,16.43874662519387,16.187351747804755,3794633,2001,8,21,-1
2056911,2259735,406,-0.009262828066304962,0.008514031846592312,16.8140785415626,16.823341369628906,16.888177237281468,16.65044615909003,3852121,2001,10,8,-1
2056936,2259760,406,0.13893460805056712,0.012038157866029131,15.421658988543731,15.282724380493164,15.557505549711182,15.248762412800232,3326503,2001,11,12,-1
2056942,2259766,406,0.24699267541847902,0.012707579834295726,15.437095252627952,15.190102577209473,15.48340678852025,15.159227346878424,4053050,2001,11,20,-1
2056943,2259767,406,0.20376906250052151,0.010977264443881089,15.329026554565951,15.12525749206543,15.341376115347591,15.063508378553758,3848785,2001,11,21,-1
2056944,2259768,406,0.07718544045439657,0.0055103138971419096,15.205535698327932,15.128350257873535,15.211710481180123,15.07277721220381,1716847,2001,11,23,-1
2056965,2259789,406,0.04631153259512999,0.00659406216279076,14.618928109743567,14.572616577148438,14.702288344573128,14.541742658619746,1719071,2001,12,24,-1
2056968,2259792,406,-0.02161108472724038,0.01102885893075433,14.881357321950006,14.902968406677246,15.100562763405572,14.82578296784231,3642964,2001,12,28,-1
2057034,2259858,406,0.06222542639077844,0.004770605160197248,14.124996269896638,14.06277084350586,14.156108323239357,14.044103611500228,3520538,2002,4,5,-1
2057067,2259891,406,-0.11610548565496437,0.01422013283451175,13.490088056825504,13.606193542480469,13.678366647166628,13.358293576003623,4028031,2002,5,22,-1
2057217,2260041,406,-0.032075571779261125,0.010643171174927725,12.637349438901891,12.669425010681152,12.781685430354631,12.557163230489696,2279715,2002,12,24,-1
2057218,2260042,406,-0.028866104344222876,0.013557271552135413,12.701496787806658,12.73036289215088,12.932432425148992,12.643761858082788,4063613,2002,12,26,-1
2057219,2260043,406,0.1764101264236384,0.015901725421343268,12.653381752705377,12.476971626281738,12.765642123830697,12.432067749935088,4088187,2002,12,27,-1
2057348,2260172,406,0.11777840018950769,0.01894671363232768,13.155153850323783,13.037375450134276,13.168240185041023,12.759288755791395,3499967,2003,7,3,-1
2057378,2260202,406,-0.02312406340204376,0.009966002803443742,11.809534704298152,11.832658767700195,11.842569480930678,11.64766976349292,3465941,2003,8,15,-1
2057451,2260275,406,-0.056809635142773374,0.006248268354659376,10.91757085802129,10.974380493164062,10.977722945154996,10.864102257374965,2697252,2003,11,28,-1
2057469,2260293,406,0.013367683122382346,0.008266753500291374,11.362028152177558,11.348660469055176,11.489015117488,11.331951751086343,3407898,2003,12,24,-1
2057470,2260294,406,0.0033417422890238413,0.002836198520931338,11.33528906894918,11.331947326660156,11.348656038105268,11.295187452733872,2569489,2003,12,26,-1
2057552,2260376,406,0.06141411199491564,0.008131939089053759,12.938019145869427,12.876605033874512,12.938019145869427,12.76401177159148,4066727,2004,4,26,-1
2057599,2260423,406,0.07847429136962525,0.008833195939535491,12.385284670397946,12.30681037902832,12.385284670397946,12.20445210428498,3893263,2004,7,2,-1
2057668,2260492,406,0.02436809037832255,0.005296523369848224,14.245445055710354,14.221076965332031,14.27329662234625,14.14796974084712,3046515,2004,10,11,-1
2057701,2260525,406,-0.04873765220613535,0.005713376464142123,14.235000484085369,14.283738136291504,14.339438310241372,14.20366839790116,2136497,2004,11,26,-1
2057707,2260531,406,0.04525716903737553,0.005447967801318598,14.64580495956472,14.600547790527344,14.649286961802716,14.516997456928586,4076178,2004,12,6,-1
2057723,2260547,406,-0.031330621571543205,0.0045693228547983855,14.186268293528554,14.217598915100098,14.238487965048302,14.130566621458978,4155905,2004,12,29,-1
2057725,2260549,406,0.0939948366153569,0.005461681184993251,14.196714143561158,14.1027193069458,14.2280462479915,14.09923878238447,4122991,2004,12,31,-1
2057981,2260805,406,0.09225303891498982,0.008420975790656137,11.660786936314892,11.568533897399902,11.660786936314892,11.498422182621663,64153275,2006,1,6,-1
2058475,2261299,406,-0.48752388240199807,0.016704074896799186,18.017719418989603,18.5052433013916,18.52590077825957,18.017719418989603,3058658,2007,12,24,-1
2058492,2261316,406,0.8512813110354998,0.047526778047210415,17.16334071350132,16.31205940246582,17.27600969696139,15.961531402588117,42585021,2008,1,18,-1
2058513,2261337,406,-0.21282030054182322,0.04027905874172238,14.492651691950853,14.705471992492676,14.859869830414304,13.895919659195894,77769553,2008,2,20,-1
2058587,2261411,406,-0.810053867814359,0.03957034269081564,15.713360744002047,16.523414611816406,16.76091801193541,15.692155298902344,44491299,2008,6,5,-1
2058676,2261500,406,-1.1299372115277784,0.11823887010243891,10.54898925636773,11.678926467895508,12.25480215976016,10.06473007118847,52937181,2008,10,10,-1
2058688,2261512,406,-1.474590377982933,0.07716829133467693,12.333333892646952,13.807924270629885,13.821012600275552,12.15446330731109,37816096,2008,10,28,-1
2058911,2261735,406,0.410370804715555,0.019226008502235544,13.865990616727276,13.45561981201172,13.893349226745846,13.45561981201172,41824779,2009,9,17,-1
2058912,2261736,406,0.08207395540825146,0.011768134301500782,13.574167995325244,13.492094039916992,13.62888427469226,13.364422721393954,48461278,2009,9,18,-1
2058940,2261764,406,-0.2964871696860438,0.01737947317692589,13.578200025138177,13.87468719482422,13.967339729762791,13.568935242703011,52723830,2009,10,28,-1
2058980,2261804,406,-0.06022391862228993,0.004870156124048704,15.394187588030542,15.454411506652832,15.48683919076176,15.36175896180412,3616953,2009,12,24,-1
2058994,2261818,406,0.29137267913954723,0.016918342484870338,14.662665747071674,14.371293067932127,14.71906073663433,14.310197779105504,46642300,2010,1,15,-1
2059044,2261868,406,-0.05639500694288735,0.009221869859980738,14.62037424964891,14.676769256591797,14.803658261146836,14.57807823337529,47206333,2010,3,30,-1
2059054,2261878,406,0.09544376978383973,0.008047818253082149,14.340540930123195,14.245097160339355,14.340540930123195,14.149652420046182,44206404,2010,4,14,-1
2059070,2261894,406,0.28633328619110365,0.04854120529872863,13.653342449093936,13.367009162902832,13.705837305449734,12.641630986946994,42107968,2010,5,6,-1
2059071,2261895,406,-0.10021676526259071,0.01934372609680944,13.352694611690533,13.452911376953123,13.701066806933015,13.266794804468203,38892982,2010,5,7,-1
2059107,2261931,406,-0.02863294838985908,0.021170106650071907,13.62948529959598,13.65811824798584,13.915818665533475,13.433823745651145,49151552,2010,6,29,-1
2059111,2261935,406,0.2747658368898698,0.015884667716120758,13.814640867407448,13.539875030517578,13.84008277763498,13.47881541648114,39477900,2010,7,6,-1
2059124,2261948,406,-0.1036152565136721,0.014888046451648642,14.412827042375488,14.51644229888916,14.59933410884077,14.241862560831754,47092800,2010,7,23,-1
2059176,2262000,406,-0.11565828479156082,0.01342290850320856,17.422246454588322,17.537904739379883,17.600990164970952,17.21196103413492,39172500,2010,10,6,-1
2059242,2262066,406,0.33554880474663307,0.01260896560096597,19.467123435483938,19.131574630737305,19.483103304508845,19.07831381870693,38507600,2011,1,10,-1
2059243,2262067,406,0.35685198748408453,0.018261744603379065,19.190166883113967,18.833314895629883,19.206146755586367,18.630920109064327,43342500,2011,1,11,-1
2059247,2262071,406,0.5432690673891791,0.019771186398385057,18.84397211609523,18.30070304870605,18.91321079740168,18.30070304870605,42112200,2011,1,18,-1
2059252,2262076,406,-0.351526676927282,0.02874367212465622,18.71081119843893,19.06233787536621,19.48843050925232,18.577657123363892,43391800,2011,1,25,-1
2059388,2262212,406,-0.5301326246318325,0.03680266694866722,18.21030583667188,18.74043846130371,18.75683362789213,17.641916433441676,44826700,2011,8,9,-1
2059419,2262243,406,-0.2623330861896598,0.011872485264363637,19.18859083348807,19.45092391967773,19.54383264225326,19.161264861250448,43130700,2011,9,22,-1
2059544,2262368,406,-0.06736108517747397,0.004995272678644815,22.195675642727803,22.263036727905277,22.36407942635662,22.17883376540572,40728600,2012,3,22,-1
2059545,2262369,406,0.13472428083520427,0.00593038138291968,22.2630316233645,22.128307342529297,22.279871355455228,22.060946272796595,40367200,2012,3,23,-1
2059546,2262370,406,0.09542805815483746,0.006566918480146009,22.173228808887263,22.077800750732425,22.195683225407585,21.954303601241666,45995300,2012,3,26,-1
2059608,2262432,406,-0.19337679859253143,0.006318850526785577,24.80340741161255,24.99678421020508,24.99678421020508,24.735157414941156,83961300,2012,6,22,-1
2059734,2262558,406,-0.16282096563616477,0.00607752194215768,25.155605166565984,25.31842613220215,25.411465733320355,25.155605166565984,3375400,2012,12,24,-1
2059803,2262627,406,-0.30002259891014305,0.007680084167668975,28.854993346524427,29.15501594543457,29.166781757558415,28.796166530004385,39951100,2013,4,5,-1
2059907,2262731,406,-0.29423518079655864,0.017979452335090622,27.33396725755793,27.62820243835449,27.892416239006877,27.069755747564795,47084100,2013,9,3,-1
2059930,2262754,406,-0.0300236805603582,0.006020359828991855,28.25271405137324,28.282737731933597,28.294747662289733,28.0125223162304,47164000,2013,10,4,-1
2059931,2262755,406,-0.24619785074416,0.011323318111302511,28.15063366170701,28.39683151245117,28.61300568201386,28.078574078079416,45152600,2013,10,7,-1
2060024,2262848,406,-0.8041921699932324,0.020085843168107496,28.73611201396673,29.54030418395996,29.67536035862057,28.699277873114383,48975300,2014,2,20,-1
2060026,2262850,406,0.4849724588604154,0.012470641792703,28.865036469480536,28.38006401062012,28.975536582684143,28.38006401062012,616620500,2014,2,24,-1
2060027,2262851,406,0.07980381750179433,0.007365766661416383,28.496702544918787,28.416898727416992,28.70542472492107,28.35550847341706,145797400,2014,2,25,-1
2060028,2262852,406,-0.15960997170613922,0.007930469250854203,28.294119657810462,28.4537296295166,28.54581383667696,28.17134149552954,102687200,2014,2,26,-1
2060029,2262853,406,-0.7121106706809321,0.019156245111593032,28.447597352390357,29.15970802307129,29.3315960788842,28.410763193945105,139433900,2014,2,27,-1
2060032,2262856,406,-0.22100026335285605,0.011527898384274978,29.184263637403983,29.40526390075684,29.706067993365597,29.14129162417416,52231200,2014,3,4,-1
2060033,2262857,406,0.27011012212952323,0.006686272367786741,29.35615061895569,29.08604049682617,29.38684457845693,29.06148439250558,40016400,2014,3,5,-1
2060035,2262859,406,0.15960994574242093,0.0072610853732841315,29.10444751593285,28.94483757019043,29.116725564343543,28.766809380932823,41073000,2014,3,7,-1
2060037,2262861,406,0.01841590377904012,0.0055446770002202704,28.687006449433337,28.668590545654297,28.723840598789973,28.459868382897124,42625900,2014,3,11,-1
2060038,2262862,406,0.12891599730900083,0.006216771018137375,28.58878156737736,28.45986557006836,28.61333766452145,28.31867152418732,45522100,2014,3,12,-1
2060045,2262869,406,0.2394161144652287,0.009061863619183898,29.03692244686269,28.79750633239746,29.104450549260275,28.668590323346724,38716800,2014,3,21,-1
2060067,2262891,406,-0.08069494876177075,0.011703721779818281,29.36030503597944,29.44099998474121,29.589972724739397,29.018906608281345,38239700,2014,4,23,-1
2060068,2262892,406,0.695214065151891,0.018231371956940468,29.422381194668493,28.7271671295166,29.47824656833464,28.596815380255315,41610900,2014,4,24,-1
2060227,2263051,406,0.36797225567350367,0.01742365347999239,30.135563732113933,29.76759147644043,30.17363057861553,29.31080141926893,49742000,2014,12,9,-1
2060256,2263080,406,0.20542011231549395,0.019770753047283412,30.890078162852603,30.68465805053711,31.121176401407755,30.113333210109595,38451100,2015,1,22,-1
2060267,2263091,406,-0.6932948559106471,0.02162645147188171,30.973537114304197,31.666831970214844,31.942863312325866,30.81305246604355,47425400,2015,2,6,-1
2060348,2263172,406,-0.14281910391288122,0.008221872762659727,31.08299762277169,31.22581672668457,31.51145988740187,31.08299762277169,38418900,2015,6,4,-1
2060471,2263295,406,-0.2594912608092699,0.007455489311704375,29.83488816423956,30.094379425048828,30.20083744328236,29.828235648544688,4108300,2015,11,27,-1
2060615,2263439,406,0.02722690584246834,0.011973177374616286,37.07539127351825,37.04816436767578,37.5858840738116,36.843967766858576,43842700,2016,6,24,-1
2060761,2263585,406,0.0983921236451124,0.011942354009291856,35.3229252046998,35.22453308105469,35.69541311976467,34.99260917260325,43484700,2017,1,24,-1
2060763,2263587,406,-0.2600366763825761,0.011768911009510555,34.26168802454516,34.521724700927734,34.76770765943792,34.09301391925292,37877100,2017,1,26,-1
2060889,2263713,406,-1.1168033985458052,0.02420756962146215,33.33111072498936,34.44791412353516,34.46952875108894,33.10775224412329,44702500,2017,7,27,-1
2061180,2264004,406,-0.14352551226095756,0.007608450170828947,40.965498535590605,41.10902404785156,41.4036335966504,40.88240375631144,48954100,2018,9,21,-1
2061494,2264318,406,-0.4856221451221572,0.010515949569031588,48.92837169032706,49.41399383544922,49.5334102123065,48.673619587457175,42977900,2019,12,20,-1
2061540,2264364,406,-0.33784072417078903,0.022588642371563463,43.22771484833898,43.565555572509766,43.58164366439739,41.972871297512256,45828300,2020,2,28,-1
2061549,2264373,406,0.6032896510766506,0.03727829250507873,41.78786377827392,41.18457412719727,43.43685487751879,40.82259972285331,45610600,2020,3,12,-1
2061550,2264374,406,-0.9411303373492075,0.03315220026644852,42.632466616996496,43.5735969543457,43.73447480056061,41.385668678687935,45744000,2020,3,13,-1
2061553,2264377,406,-0.26544583635391206,0.05683169187760527,43.42880999250351,43.69425582885742,44.98931803335925,40.92716855178104,38417400,2020,3,18,-1
2061555,2264379,406,0.7400369220685263,0.026979161957594023,42.40724273261541,41.66720581054688,42.66464607894623,40.79042470320445,46013800,2020,3,20,-1
2061556,2264380,406,0.2413152862190202,0.048587480338697746,40.70999280697097,40.46867752075195,42.84966033016286,39.51950140226552,39225100,2020,3,23,-1
2061557,2264381,406,1.5846386515995192,0.03302313773312691,41.79590421556437,40.21126556396485,41.79590421556437,39.55971166848636,40626900,2020,3,24,-1
2061558,2264382,406,-0.46654241765921256,0.03661128874666483,39.70450479303415,40.17104721069336,41.75568906528213,39.28622358532833,38551300,2020,3,25,-1
2061769,2264593,406,0.35272459506539633,0.009191623041426891,47.86114363193063,47.508419036865234,48.104687981586544,47.3740485253274,37892700,2021,1,26,-1
2061784,2264608,406,-0.8314197004845028,0.017239108859709553,47.02972150434948,47.861141204833984,48.079492073643,46.71899031285936,40531300,2021,2,17,-1
2061806,2264630,406,0.159563981386583,0.0060873589465494475,47.39084526190416,47.23128128051758,47.46642887490742,46.98773372710198,39055000,2021,3,19,-1
2061869,2264693,406,0.4159387455069421,0.007944633107062359,47.79883898354405,47.38290023803711,47.79883898354405,47.17068731929344,38210500,2021,6,18,-1
2061949,2264773,406,0.7382932582995494,0.012443088151408549,45.32260188256713,44.58430862426758,45.32260188256713,44.39321955410102,42154000,2021,10,12,-1
2061983,2264807,406,0.8598942226556261,0.01563679248300132,44.52350658837828,43.663612365722656,44.610366766116265,43.463838926990775,47766200,2021,11,30,-1
2061995,2264819,406,-1.8153364702348043,0.027516738036500652,44.00236296213824,45.81769943237305,45.96535677851125,43.906818414224205,40091300,2021,12,16,-1
2061996,2264820,406,-0.10422891089343267,0.009783944241979288,46.0782738356886,46.18250274658203,46.22593449671685,45.47895345632968,54501100,2021,12,17,-1
